{
    "CinematicData": "",
    "CombatBackground": "Senenthia_BosqueBoss",
    "CombatEffect": [],
    "CombatID": "esen_33a_<toReplace>",
    "CombatMusic": "22_Alexander Nakarada - The Wandering King",
    "CombatTier": "T2",
    "Description": "arbol event\n",
    "EventData": "e_sen33_b",
    "EventRequirementData": "",
    "HealHeroes": false,
    "NPCList": [
        "trunky<toReplace",
        "dryad<toReplace>",
        "ylmer<toReplace>"
    ],
    "NPCRemoveInMadness0Index": -1,
    "ThermometerTierData": "T4",
    "IsRift": false
}