{
    "CinematicData": "hanshekkill",
    "CombatBackground": "Void_Boss",
    "CombatEffect": [
        "{\n    \"AuraCurse\": \"fast\",\n    \"AuraCurseCharges\": 5,\n    \"AuraCurseTarget\": \"Monster3\"\n}"
    ],
    "CombatID": "evoidhigh_13montimus",
    "CombatMusic": "17_Alexander Nakarada - The Crown",
    "CombatTier": "T13",
    "Description": "lord montimus",
    "EventData": "",
    "EventRequirementData": "",
    "HealHeroes": false,
    "NPCList": [
        "greaterrabbit",
        "greaterrabbit",
        "greaterrabbit",
        "lordmontimus"
    ],
    "NPCRemoveInMadness0Index": -1,
    "ThermometerTierData": "",
    "IsRift": false
}