{
  "medsEvent": "e_sen33_a",
  "medsTempID": "e_sen33_a_<toReplace>",
  "DustCost": 0,
  "GoldCost": 0,
  "IndexForAnswerTranslation": 10001,
  "RepeatForAllCharacters": false,
  "ReplyActionText": "Combat",
  "ReplyShowCard": "",
  "ReplyText": "What is that <ToReplace> abomination?",
  "RequiredClass": "",
  "Requirement": "",
  "RequirementBlocked": "",
  "RequirementCard": [],
  "RequirementItem": "",
  "RequirementMultiplayer": false,
  "RequirementSku": "",
  "SSAddCard1": "",
  "SSAddCard2": "",
  "SSAddCard3": "",
  "SSAddItem": "",
  "SSCardPlayerGame": false,
  "SSCardPlayerGamePackData": "",
  "SSCardPlayerPairsGame": false,
  "SSCardPlayerPairsGamePackData": "",
  "SSCharacterReplacement": "",
  "SSCharacterReplacementPosition": 0,
  "SSCombat": "esen33_a_<ToReplace>",
  "SSCorruptionUI": false,
  "SSCorruptItemSlot": "None",
  "SSCraftUI": false,
  "SSCraftUIMaxType": "Common",
  "SSDiscount": 0,
  "SSDustReward": 0,
  "SSEvent": "",
  "SSExperienceReward": 0,
  "SSFinishEarlyAccess": false,
  "SSFinishGame": false,
  "SSFinishObeliskMap": false,
  "SSGoldReward": 0,
  "SSHealerUI": false,
  "SSLootList": "",
  "SSMaxQuantity": 0,
  "SSMerchantUI": false,
  "SSNodeTravel": "",
  "SSPerkData": "",
  "SSPerkData1": "",
  "SSRemoveItemSlot": "None",
  "SSRequirementLock": "",
  "SSRequirementLock2": "",
  "SSRequirementUnlock": "",
  "SSRequirementUnlock2": "",
  "SSRewardHealthFlat": 0,
  "SSRewardHealthPercent": 0,
  "SSRewardText": "Ylmer, the once mightly tree has fallen to a <toReplace> corruption. You advance cautiously, with weapons drawn to engage him.",
  "SSRewardTier": "",
  "SSRoll": false,
  "SSRollCard": "None",
  "SSRollMode": "HigherOrEqual",
  "SSRollNumber": 0,
  "SSRollNumberCritical": -1,
  "SSRollNumberCriticalFail": -1,
  "SSRollTarget": "Single",
  "SSShopList": "",
  "SSSteamStat": "",
  "SSSupplyReward": 0,
  "SSUnlockClass": "",
  "SSUnlockSkin": "",
  "SSUnlockSteamAchievement": "",
  "SSUpgradeRandomCard": false,
  "SSUpgradeUI": false,
  "SSCAddCard1": "",
  "SSCAddCard2": "",
  "SSCAddCard3": "",
  "SSCAddItem": "",
  "SSCCardPlayerGame": false,
  "SSCCardPlayerGamePackData": "",
  "SSCCardPlayerPairsGame": false,
  "SSCCardPlayerPairsGamePackData": "",
  "SSCCombat": "",
  "SSCCorruptionUI": false,
  "SSCCorruptItemSlot": "None",
  "SSCCraftUI": false,
  "SSCCraftUIMaxType": "Common",
  "SSCDiscount": 0,
  "SSCDustReward": 0,
  "SSCEvent": "",
  "SSCExperienceReward": 0,
  "SSCFinishEarlyAccess": false,
  "SSCFinishGame": false,
  "SSCGoldReward": 0,
  "SSCHealerUI": false,
  "SSCLootList": "",
  "SSCMaxQuantity": 0,
  "SSCMerchantUI": false,
  "SSCNodeTravel": "",
  "SSCRemoveItemSlot": "None",
  "SSCRequirementLock": "",
  "SSCRequirementUnlock": "",
  "SSCRequirementUnlock2": "",
  "SSCRewardHealthFlat": 0,
  "SSCRewardHealthPercent": 0,
  "SSCRewardText": "",
  "SSCRewardTier": "",
  "SSCShopList": "",
  "SSCSupplyReward": 0,
  "SSCUnlockClass": "",
  "SSCUnlockSteamAchievement": "",
  "SSCUpgradeRandomCard": false,
  "SSCUpgradeUI": false,
  "FLAddCard1": "",
  "FLAddCard2": "",
  "FLAddCard3": "",
  "FLAddItem": "",
  "FLCardPlayerGame": false,
  "FLCardPlayerGamePackData": "",
  "FLCardPlayerPairsGame": false,
  "FLCardPlayerPairsGamePackData": "",
  "FLCombat": "",
  "FLCorruptionUI": false,
  "FLCorruptItemSlot": "None",
  "FLCraftUI": false,
  "FLCraftUIMaxType": "Common",
  "FLDiscount": 0,
  "FLDustReward": 0,
  "FLEvent": "",
  "FLExperienceReward": 0,
  "FLGoldReward": 0,
  "FLHealerUI": false,
  "FLLootList": "",
  "FLMaxQuantity": 0,
  "FLMerchantUI": false,
  "FLNodeTravel": "",
  "FLRemoveItemSlot": "None",
  "FLRequirementLock": "",
  "FLRequirementUnlock": "",
  "FLRequirementUnlock2": "",
  "FLRewardHealthFlat": 0,
  "FLRewardHealthPercent": 0,
  "FLRewardText": "",
  "FLRewardTier": "",
  "FLShopList": "",
  "FLSupplyReward": 0,
  "FLUnlockClass": "",
  "FLUnlockSteamAchievement": "",
  "FLUpgradeRandomCard": false,
  "FLUpgradeUI": false,
  "FLCAddCard1": "",
  "FLCAddCard2": "",
  "FLCAddCard3": "",
  "FLCAddItem": "",
  "FLCCardPlayerGame": false,
  "FLCCardPlayerGamePackData": "",
  "FLCCardPlayerPairsGame": false,
  "FLCCardPlayerPairsGamePackData": "",
  "FLCCombat": "",
  "FLCCorruptionUI": false,
  "FLCCorruptItemSlot": "None",
  "FLCCraftUI": false,
  "FLCCraftUIMaxType": "Common",
  "FLCDiscount": 0,
  "FLCDustReward": 0,
  "FLCEvent": "",
  "FLCExperienceReward": 0,
  "FLCGoldReward": 0,
  "FLCHealerUI": false,
  "FLCLootList": "",
  "FLCMaxQuantity": 0,
  "FLCMerchantUI": false,
  "FLCNodeTravel": "",
  "FLCRemoveItemSlot": "None",
  "FLCRequirementLock": "",
  "FLCRequirementUnlock": "",
  "FLCRequirementUnlock2": "",
  "FLCRewardHealthFlat": 0,
  "FLCRewardHealthPercent": 0,
  "FLCRewardText": "",
  "FLCRewardTier": "",
  "FLCShopList": "",
  "FLCSupplyReward": 0,
  "FLCUnlockClass": "",
  "FLCUnlockSteamAchievement": "",
  "FLCUpgradeRandomCard": false,
  "FLCUpgradeUI": false
}