{
    "AICards": [
        "{\n    \"AddCardRound\": 0,\n    \"AuraCurseCastIf\": \"\",\n    \"Card\": \"overgrowthplus\",\n    \"OnlyCastIf\": \"Always\",\n    \"PercentToCast\": 0.0,\n    \"Priority\": 1,\n    \"TargetCast\": \"Random\",\n    \"UnitsInDeck\": 1,\n    \"ValueCastIf\": 0.0\n}",
        "{\n    \"AddCardRound\": 0,\n    \"AuraCurseCastIf\": \"\",\n    \"Card\": \"moonfireplus\",\n    \"OnlyCastIf\": \"Always\",\n    \"PercentToCast\": 0.0,\n    \"Priority\": 2,\n    \"TargetCast\": \"Random\",\n    \"UnitsInDeck\": 1,\n    \"ValueCastIf\": 0.0\n}",
        "{\n    \"AddCardRound\": 0,\n    \"AuraCurseCastIf\": \"\",\n    \"Card\": \"lifebloomplus\",\n    \"OnlyCastIf\": \"Always\",\n    \"PercentToCast\": 0.0,\n    \"Priority\": 3,\n    \"TargetCast\": \"Random\",\n    \"UnitsInDeck\": 1,\n    \"ValueCastIf\": 0.0\n}",
        "{\n    \"AddCardRound\": 3,\n    \"AuraCurseCastIf\": \"\",\n    \"Card\": \"tranquilityplus\",\n    \"OnlyCastIf\": \"Always\",\n    \"PercentToCast\": 0.0,\n    \"Priority\": 3,\n    \"TargetCast\": \"Random\",\n    \"UnitsInDeck\": 1,\n    \"ValueCastIf\": 0.0\n}",
        "{\n    \"AddCardRound\": 2,\n    \"AuraCurseCastIf\": \"\",\n    \"Card\": \"starfallplus\",\n    \"OnlyCastIf\": \"Always\",\n    \"PercentToCast\": 0.0,\n    \"Priority\": 4,\n    \"TargetCast\": \"Random\",\n    \"UnitsInDeck\": 1,\n    \"ValueCastIf\": 0.0\n}"
    ],
    "AuraCurseImmune": [],
    "BaseMonster": "",
    "BigModel": false,
    "CardsInHand": 2,
    "Description": "",
    "Difficulty": -1,
    "Energy": 10,
    "EnergyTurn": 0,
    "ExperienceReward": 28,
    "Female": false,
    "FinishCombatOnDead": false,
    "FluffOffsetX": 0.0,
    "FluffOffsetY": 3.4000000953674318,
    "GameObjectAnimated": "dryad<toReplace>",
    "GoldReward": 26,
    "HellModeMob": "",
    "HitSound": "",
    "HP": 74,
    "ID": "dryad<toReplace>_plus",
    "IsBoss": false,
    "IsNamed": false,
    "NgPlusMob": "",
    "NPCName": "<ToReplace> Dryad",
    "PosBottom": 0.0,
    "PreferredPosition": "Back",
    "ResistBlunt": 10,
    "ResistCold": 36,
    "ResistFire": 10,
    "ResistHoly": 48,
    "ResistLightning": 20,
    "ResistMind": 31,
    "ResistPiercing": 22,
    "ResistShadow": -10,
    "ResistSlashing": 22,
    "ScriptableObjectName": "<toReplace>Dryad",
    "Speed": 14,
    "Sprite": "",
    "SpritePortrait": "dryadPortraitGrande<ToReplace>",
    "SpriteSpeed": "dryadPortrait<ToReplace>",
    "TierMob": "T0",
    "TierReward": "3",
    "UpgradedMob": "",
    "GameObjectFlip": false,
    "GameObjectMakeBig": false,
    "GameObjectReplaceTexture": "dryad<toReplace>"
}