{
    "AICards": [
        "{\n    \"AddCardRound\": 0,\n    \"AuraCurseCastIf\": \"\",\n    \"Card\": \"barkskin\",\n    \"OnlyCastIf\": \"Always\",\n    \"PercentToCast\": 0.0,\n    \"Priority\": 0,\n    \"TargetCast\": \"Random\",\n    \"UnitsInDeck\": 1,\n    \"ValueCastIf\": 0.0\n}",
        "{\n    \"AddCardRound\": 0,\n    \"AuraCurseCastIf\": \"\",\n    \"Card\": \"frenziedtermites\",\n    \"OnlyCastIf\": \"Always\",\n    \"PercentToCast\": 0.0,\n    \"Priority\": 2,\n    \"TargetCast\": \"Random\",\n    \"UnitsInDeck\": 1,\n    \"ValueCastIf\": 0.0\n}",
        "{\n    \"AddCardRound\": 0,\n    \"AuraCurseCastIf\": \"\",\n    \"Card\": \"pound\",\n    \"OnlyCastIf\": \"Always\",\n    \"PercentToCast\": 0.0,\n    \"Priority\": 3,\n    \"TargetCast\": \"Random\",\n    \"UnitsInDeck\": 1,\n    \"ValueCastIf\": 0.0\n}",
        "{\n    \"AddCardRound\": 0,\n    \"AuraCurseCastIf\": \"\",\n    \"Card\": \"earthwave\",\n    \"OnlyCastIf\": \"Always\",\n    \"PercentToCast\": 0.0,\n    \"Priority\": 1,\n    \"TargetCast\": \"Random\",\n    \"UnitsInDeck\": 1,\n    \"ValueCastIf\": 0.0\n}",
        "{\n    \"AddCardRound\": 0,\n    \"AuraCurseCastIf\": \"\",\n    \"Card\": \"entanglingrootseasy\",\n    \"OnlyCastIf\": \"Always\",\n    \"PercentToCast\": 0.0,\n    \"Priority\": 4,\n    \"TargetCast\": \"Random\",\n    \"UnitsInDeck\": 1,\n    \"ValueCastIf\": 0.0\n}"
    ],
    "AuraCurseImmune": [
    ],
    "BaseMonster": "",
    "BigModel": false,
    "CardsInHand": 2,
    "Description": "",
    "Difficulty": 3,
    "Energy": 10,
    "EnergyTurn": 0,
    "ExperienceReward": 30,
    "Female": false,
    "FinishCombatOnDead": false,
    "FluffOffsetX": -0.4000000059604645,
    "FluffOffsetY": 2.5999999046325685,
    "GameObjectAnimated": "trunky<toReplace>",
    "GoldReward": 24,
    "HellModeMob": "",
    "HitSound": "",
    "HP": 68,
    "ID": "trunky<toReplace>",
    "IsBoss": false,
    "IsNamed": false,
    "NgPlusMob": "trunky<toReplace>_plus",
    "NPCName": "<ToReplace> Trunky",
    "PosBottom": 0.0,
    "PreferredPosition": "Front",
    "ResistBlunt": 22,
    "ResistCold": 12,
    "ResistFire": -25,
    "ResistHoly": 12,
    "ResistLightning": 6,
    "ResistMind": 20,
    "ResistPiercing": 18,
    "ResistShadow": 12,
    "ResistSlashing": 18,
    "ScriptableObjectName": "<toReplace>Trunky",
    "Speed": 10,
    "Sprite": "",
    "SpritePortrait": "trunkyPortraitGrande<ToReplace>",
    "SpriteSpeed": "trunkyPortrait<ToReplace>",
    "TierMob": "T0",
    "TierReward": "3",
    "UpgradedMob": "",
    "GameObjectFlip": false,
    "GameObjectMakeBig": false,
    "GameObjectReplaceTexture": "trunky<toReplace>"
}