{
    "AICards": [
        "{\n    \"AddCardRound\": 0,\n    \"AuraCurseCastIf\": \"\",\n    \"Card\": \"flowershurikenb\",\n    \"OnlyCastIf\": \"Always\",\n    \"PercentToCast\": 0.0,\n    \"Priority\": 10,\n    \"TargetCast\": \"Random\",\n    \"UnitsInDeck\": 4,\n    \"ValueCastIf\": 0.0\n}",
        "{\n    \"AddCardRound\": 13,\n    \"AuraCurseCastIf\": \"\",\n    \"Card\": \"moonbeamb\",\n    \"OnlyCastIf\": \"Always\",\n    \"PercentToCast\": 0.0,\n    \"Priority\": 24,\n    \"TargetCast\": \"Random\",\n    \"UnitsInDeck\": 3,\n    \"ValueCastIf\": 0.0\n}"
    ],
    "AuraCurseImmune": [
        "paralyze",
        "weak"
    ],
    "BaseMonster": "",
    "BigModel": true,
    "CardsInHand": 4,
    "Description": "",
    "Difficulty": -1,
    "Energy": 10,
    "EnergyTurn": 0,
    "ExperienceReward": 100,
    "Female": false,
    "FinishCombatOnDead": true,
    "FluffOffsetX": -0.5,
    "FluffOffsetY": 3.4000000953674318,
    "GameObjectAnimated": "ylmervile",
    "GoldReward": 100,
    "HellModeMob": "",
    "HitSound": "",
    "HP": 498,
    "ID": "ylmervile_plush",
    "IsBoss": true,
    "IsNamed": false,
    "NgPlusMob": "",
    "NPCName": "Vile Ylmer",
    "PosBottom": 0.0,
    "PreferredPosition": "Back",
    "ResistBlunt": -5,
    "ResistCold": 27,
    "ResistFire": 44,
    "ResistHoly": 20,
    "ResistLightning": 40,
    "ResistMind": 49 ,
    "ResistPiercing": 4,
    "ResistShadow": 51,
    "ResistSlashing": -5,
    "ScriptableObjectName": "ylmervile",
    "Speed": 11,
    "Sprite": "",
    "SpritePortrait": "ylmerPortraitGrandeVile",
    "SpriteSpeed": "ylmerPortraitVile",
    "TierMob": "T0",
    "TierReward": "15",
    "UpgradedMob": "",
    "GameObjectFlip": false,
    "GameObjectMakeBig": false,
    "GameObjectReplaceTexture": "ylmervile"
}