{
    "AICards": [
        "{\n    \"AddCardRound\": 0,\n    \"AuraCurseCastIf\": \"\",\n    \"Card\": \"flowershurikena\",\n    \"OnlyCastIf\": \"Always\",\n    \"PercentToCast\": 0.0,\n    \"Priority\": 10,\n    \"TargetCast\": \"Random\",\n    \"UnitsInDeck\": 4,\n    \"ValueCastIf\": 0.0\n}",
        "{\n    \"AddCardRound\": 13,\n    \"AuraCurseCastIf\": \"\",\n    \"Card\": \"moonbeama\",\n    \"OnlyCastIf\": \"Always\",\n    \"PercentToCast\": 0.0,\n    \"Priority\": 24,\n    \"TargetCast\": \"Random\",\n    \"UnitsInDeck\": 3,\n    \"ValueCastIf\": 0.0\n}"
    ],
    "AuraCurseImmune": [
        "paralyze",
        "weak"
    ],
    "BaseMonster": "",
    "BigModel": true,
    "CardsInHand": 4,
    "Description": "",
    "Difficulty": -1,
    "Energy": 10,
    "EnergyTurn": 0,
    "ExperienceReward": 100,
    "Female": false,
    "FinishCombatOnDead": true,
    "FluffOffsetX": -0.5,
    "FluffOffsetY": 3.4000000953674318,
    "GameObjectAnimated": "ylmervile",
    "GoldReward": 100,
    "HellModeMob": "ylmervile_plush",
    "HitSound": "",
    "HP": 438,
    "ID": "ylmervile_plus",
    "IsBoss": true,
    "IsNamed": false,
    "NgPlusMob": "",
    "NPCName": "Vile Ylmer",
    "PosBottom": 0.0,
    "PreferredPosition": "Back",
    "ResistBlunt": 42,
    "ResistCold": 30,
    "ResistFire": -10,
    "ResistHoly": 4,
    "ResistLightning": 20,
    "ResistMind": 38,
    "ResistPiercing": 34,
    "ResistShadow": 30,
    "ResistSlashing": 34,
    "ScriptableObjectName": "ylmervile",
    "Speed": 11,
    "Sprite": "",
    "SpritePortrait": "ylmerPortraitGrandeVile",
    "SpriteSpeed": "ylmerPortraitVile",
    "TierMob": "T0",
    "TierReward": "15",
    "UpgradedMob": "",
    "GameObjectFlip": false,
    "GameObjectMakeBig": true,
    "GameObjectReplaceTexture": "ylmerVile"
}