{
    "AICards": [
        "{\n    \"AddCardRound\": 0,\n    \"AuraCurseCastIf\": \"\",\n    \"Card\": \"flowershuriken\",\n    \"OnlyCastIf\": \"Always\",\n    \"PercentToCast\": 0.0,\n    \"Priority\": 10,\n    \"TargetCast\": \"Random\",\n    \"UnitsInDeck\": 4,\n    \"ValueCastIf\": 0.0\n}",
        "{\n    \"AddCardRound\": 13,\n    \"AuraCurseCastIf\": \"\",\n    \"Card\": \"moonbeam\",\n    \"OnlyCastIf\": \"Always\",\n    \"PercentToCast\": 0.0,\n    \"Priority\": 24,\n    \"TargetCast\": \"Random\",\n    \"UnitsInDeck\": 3,\n    \"ValueCastIf\": 0.0\n}"
    ],
    "AuraCurseImmune": [
        "paralyze"
    ],
    "BaseMonster": "",
    "BigModel": true,
    "CardsInHand": 4,
    "Description": "",
    "Difficulty": -1,
    "Energy": 10,
    "EnergyTurn": 0,
    "ExperienceReward": 120,
    "Female": false,
    "FinishCombatOnDead": true,
    "FluffOffsetX": -0.5,
    "FluffOffsetY": 3.4000000953674318,
    "GameObjectAnimated": "ylmer<toReplace>",
    "GoldReward": 100,
    "HellModeMob": "ylmer<toReplace>_plush",
    "HitSound": "",
    "HP": 256,
    "ID": "ylmer<toReplace>",
    "IsBoss": true,
    "IsNamed": true,
    "NgPlusMob": "ylmer<toReplace>_plus",
    "NPCName": "<ToReplace> Ylmer",
    "PosBottom": 0.0,
    "PreferredPosition": "Back",
    "ResistBlunt": 25,
    "ResistCold": 18,
    "ResistFire": -20,
    "ResistHoly": -10,
    "ResistLightning": 10,
    "ResistMind": 22,
    "ResistPiercing": 25,
    "ResistShadow": 16,
    "ResistSlashing": 20,
    "ScriptableObjectName": "ylmer<toReplace>",
    "Speed": 10,
    "Sprite": "",
    "SpritePortrait": "ylmerPortraitGrande<ToReplace>",
    "SpriteSpeed": "ylmerPortrait<ToReplace>",
    "TierMob": "T0",
    "TierReward": "15",
    "UpgradedMob": "",
    "GameObjectFlip": false,
    "GameObjectMakeBig": true,
    "GameObjectReplaceTexture": "ylmer<toReplace>"
}