{
    "AICards": [
        "{\n    \"AddCardRound\": 0,\n    \"AuraCurseCastIf\": \"\",\n    \"Card\": \"flowershuriken\",\n    \"OnlyCastIf\": \"Always\",\n    \"PercentToCast\": 0.0,\n    \"Priority\": 10,\n    \"TargetCast\": \"Random\",\n    \"UnitsInDeck\": 4,\n    \"ValueCastIf\": 0.0\n}",
        "{\n    \"AddCardRound\": 13,\n    \"AuraCurseCastIf\": \"\",\n    \"Card\": \"moonbeam\",\n    \"OnlyCastIf\": \"Always\",\n    \"PercentToCast\": 0.0,\n    \"Priority\": 24,\n    \"TargetCast\": \"Random\",\n    \"UnitsInDeck\": 3,\n    \"ValueCastIf\": 0.0\n}"
    ],
    "AuraCurseImmune": [
        "paralyze"
    ],
    "BaseMonster": "",
    "BigModel": true,
    "CardsInHand": 4,
    "Description": "",
    "Difficulty": -1,
    "Energy": 10,
    "EnergyTurn": 0,
    "ExperienceReward": 120,
    "Female": false,
    "FinishCombatOnDead": true,
    "FluffOffsetX": -0.5,
    "FluffOffsetY": 3.4000000953674318,
    "GameObjectAnimated": "ylmer",
    "GoldReward": 100,
    "HellModeMob": "ylmervile_plush",
    "HitSound": "",
    "HP": 256,
    "ID": "ylmervile",
    "IsBoss": true,
    "IsNamed": true,
    "NgPlusMob": "ylmervile_plus",
    "NPCName": "Vile Ylmer",
    "PosBottom": 0.0,
    "PreferredPosition": "Back",
    "ResistBlunt": -20,
    "ResistCold": 17,
    "ResistFire": 34,
    "ResistHoly": 10,
    "ResistLightning": 30,
    "ResistMind": 29 ,
    "ResistPiercing": -4,
    "ResistShadow": 37,
    "ResistSlashing": -15,
    "ScriptableObjectName": "ylmervile",
    "Speed": 10,
    "Sprite": "",
    "SpritePortrait": "ylmerPortraitGrandeVile",
    "SpriteSpeed": "ylmerPortraitVile",
    "TierMob": "T0",
    "TierReward": "15",
    "UpgradedMob": "",
    "GameObjectFlip": false,
    "GameObjectMakeBig": false,
    "GameObjectReplaceTexture": "ylmervile"
}