{
    "AICards": [
        "{\n    \"AddCardRound\": 1,\n    \"AuraCurseCastIf\": \"\",\n    \"Card\": \"alternatevilebark\",\n    \"OnlyCastIf\": \"Always\",\n    \"PercentToCast\": 0.0,\n    \"Priority\": 1,\n    \"TargetCast\": \"Random\",\n    \"UnitsInDeck\": 1,\n    \"ValueCastIf\": 0.0\n}",
        "{\n    \"AddCardRound\": 1,\n    \"AuraCurseCastIf\": \"\",\n    \"Card\": \"alternateviletoxicroots\",\n    \"OnlyCastIf\": \"Always\",\n    \"PercentToCast\": 0.0,\n    \"Priority\": 2,\n    \"TargetCast\": \"Random\",\n    \"UnitsInDeck\": 1,\n    \"ValueCastIf\": 0.0\n}",
        "{\n    \"AddCardRound\": 1,\n    \"AuraCurseCastIf\": \"\",\n    \"Card\": \"alternatevilefoulflower\",\n    \"OnlyCastIf\": \"Always\",\n    \"PercentToCast\": 0.0,\n    \"Priority\": 3,\n    \"TargetCast\": \"Random\",\n    \"UnitsInDeck\": 1,\n    \"ValueCastIf\": 0.0\n}",
        "{\n    \"AddCardRound\": 1,\n    \"AuraCurseCastIf\": \"\",\n    \"Card\": \"alternatevileacidrain\",\n    \"OnlyCastIf\": \"Always\",\n    \"PercentToCast\": 0.0,\n    \"Priority\": 4,\n    \"TargetCast\": \"Random\",\n    \"UnitsInDeck\": 1,\n    \"ValueCastIf\": 0.0\n}",        

        "{\n    \"AddCardRound\": 2,\n    \"AuraCurseCastIf\": \"\",\n    \"Card\": \"alternatevilehemophilia\",\n    \"OnlyCastIf\": \"Always\",\n    \"PercentToCast\": 0.0,\n    \"Priority\": 1,\n    \"TargetCast\": \"Random\",\n    \"UnitsInDeck\": 1,\n    \"ValueCastIf\": 0.0\n}",
        "{\n    \"AddCardRound\": 2,\n    \"AuraCurseCastIf\": \"\",\n    \"Card\": \"alternatevilefester\",\n    \"OnlyCastIf\": \"Always\",\n    \"PercentToCast\": 0.0,\n    \"Priority\": 2,\n    \"TargetCast\": \"Random\",\n    \"UnitsInDeck\": 1,\n    \"ValueCastIf\": 0.0\n}",
        "{\n    \"AddCardRound\": 2,\n    \"AuraCurseCastIf\": \"\",\n    \"Card\": \"alternatevileshroomshuriken\",\n    \"OnlyCastIf\": \"Always\",\n    \"PercentToCast\": 0.0,\n    \"Priority\": 3,\n    \"TargetCast\": \"Random\",\n    \"UnitsInDeck\": 1,\n    \"ValueCastIf\": 0.0\n}",
        "{\n    \"AddCardRound\": 2,\n    \"AuraCurseCastIf\": \"\",\n    \"Card\": \"alternatevileneoplasia\",\n    \"OnlyCastIf\": \"Always\",\n    \"PercentToCast\": 0.0,\n    \"Priority\": 4,\n    \"TargetCast\": \"Random\",\n    \"UnitsInDeck\": 1,\n    \"ValueCastIf\": 0.0\n}",        

        "{\n    \"AddCardRound\": 3,\n    \"AuraCurseCastIf\": \"\",\n    \"Card\": \"alternatevilehemlock\",\n    \"OnlyCastIf\": \"Always\",\n    \"PercentToCast\": 0.0,\n    \"Priority\": 1,\n    \"TargetCast\": \"Random\",\n    \"UnitsInDeck\": 1,\n    \"ValueCastIf\": 0.0\n}",
        "{\n    \"AddCardRound\": 3,\n    \"AuraCurseCastIf\": \"\",\n    \"Card\": \"alternatevilebeam\",\n    \"OnlyCastIf\": \"Always\",\n    \"PercentToCast\": 0.0,\n    \"Priority\": 2,\n    \"TargetCast\": \"Random\",\n    \"UnitsInDeck\": 1,\n    \"ValueCastIf\": 0.0\n}",
        "{\n    \"AddCardRound\": 3,\n    \"AuraCurseCastIf\": \"\",\n    \"Card\": \"alternatevileacidrain\",\n    \"OnlyCastIf\": \"Always\",\n    \"PercentToCast\": 0.0,\n    \"Priority\": 3,\n    \"TargetCast\": \"Random\",\n    \"UnitsInDeck\": 1,\n    \"ValueCastIf\": 0.0\n}",
        "{\n    \"AddCardRound\": 3,\n    \"AuraCurseCastIf\": \"\",\n    \"Card\": \"alternatevileneoplasia\",\n    \"OnlyCastIf\": \"Always\",\n    \"PercentToCast\": 0.0,\n    \"Priority\": 4,\n    \"TargetCast\": \"Random\",\n    \"UnitsInDeck\": 1,\n    \"ValueCastIf\": 0.0\n}",        

        "{\n    \"AddCardRound\": 4,\n    \"AuraCurseCastIf\": \"\",\n    \"Card\": \"alternatevilevirulentreaction\",\n    \"OnlyCastIf\": \"Always\",\n    \"PercentToCast\": 0.0,\n    \"Priority\": 1,\n    \"TargetCast\": \"Random\",\n    \"UnitsInDeck\": 1,\n    \"ValueCastIf\": 0.0\n}",
        "{\n    \"AddCardRound\": 4,\n    \"AuraCurseCastIf\": \"\",\n    \"Card\": \"alternatevilemetastacize\",\n    \"OnlyCastIf\": \"Always\",\n    \"PercentToCast\": 0.0,\n    \"Priority\": 2,\n    \"TargetCast\": \"Random\",\n    \"UnitsInDeck\": 1,\n    \"ValueCastIf\": 0.0\n}",
        "{\n    \"AddCardRound\": 4,\n    \"AuraCurseCastIf\": \"\",\n    \"Card\": \"alternatevileflensingruin\",\n    \"OnlyCastIf\": \"Always\",\n    \"PercentToCast\": 0.0,\n    \"Priority\": 3,\n    \"TargetCast\": \"Random\",\n    \"UnitsInDeck\": 1,\n    \"ValueCastIf\": 0.0\n}",
        "{\n    \"AddCardRound\": 4,\n    \"AuraCurseCastIf\": \"\",\n    \"Card\": \"alternatevilebark\",\n    \"OnlyCastIf\": \"Always\",\n    \"PercentToCast\": 0.0,\n    \"Priority\": 4,\n    \"TargetCast\": \"Random\",\n    \"UnitsInDeck\": 1,\n    \"ValueCastIf\": 0.0\n}",        

        "{\n    \"AddCardRound\": 5,\n    \"AuraCurseCastIf\": \"\",\n    \"Card\": \"alternatevilebark\",\n    \"OnlyCastIf\": \"Always\",\n    \"PercentToCast\": 0.0,\n    \"Priority\": 1,\n    \"TargetCast\": \"Random\",\n    \"UnitsInDeck\": 1,\n    \"ValueCastIf\": 0.0\n}",
        "{\n    \"AddCardRound\": 5,\n    \"AuraCurseCastIf\": \"\",\n    \"Card\": \"alternateviletoxicroots\",\n    \"OnlyCastIf\": \"Always\",\n    \"PercentToCast\": 0.0,\n    \"Priority\": 2,\n    \"TargetCast\": \"Random\",\n    \"UnitsInDeck\": 1,\n    \"ValueCastIf\": 0.0\n}",
        "{\n    \"AddCardRound\": 5,\n    \"AuraCurseCastIf\": \"\",\n    \"Card\": \"alternatevilefoulflower\",\n    \"OnlyCastIf\": \"Always\",\n    \"PercentToCast\": 0.0,\n    \"Priority\": 3,\n    \"TargetCast\": \"Random\",\n    \"UnitsInDeck\": 1,\n    \"ValueCastIf\": 0.0\n}",
        "{\n    \"AddCardRound\": 5,\n    \"AuraCurseCastIf\": \"\",\n    \"Card\": \"alternatevileacidrain\",\n    \"OnlyCastIf\": \"Always\",\n    \"PercentToCast\": 0.0,\n    \"Priority\": 4,\n    \"TargetCast\": \"Random\",\n    \"UnitsInDeck\": 1,\n    \"ValueCastIf\": 0.0\n}",        

        "{\n    \"AddCardRound\": 6,\n    \"AuraCurseCastIf\": \"\",\n    \"Card\": \"alternatevilehemophilia\",\n    \"OnlyCastIf\": \"Always\",\n    \"PercentToCast\": 0.0,\n    \"Priority\": 1,\n    \"TargetCast\": \"Random\",\n    \"UnitsInDeck\": 1,\n    \"ValueCastIf\": 0.0\n}",
        "{\n    \"AddCardRound\": 6,\n    \"AuraCurseCastIf\": \"\",\n    \"Card\": \"alternatevilefester\",\n    \"OnlyCastIf\": \"Always\",\n    \"PercentToCast\": 0.0,\n    \"Priority\": 2,\n    \"TargetCast\": \"Random\",\n    \"UnitsInDeck\": 1,\n    \"ValueCastIf\": 0.0\n}",
        "{\n    \"AddCardRound\": 6,\n    \"AuraCurseCastIf\": \"\",\n    \"Card\": \"alternatevileshroomshuriken\",\n    \"OnlyCastIf\": \"Always\",\n    \"PercentToCast\": 0.0,\n    \"Priority\": 3,\n    \"TargetCast\": \"Random\",\n    \"UnitsInDeck\": 1,\n    \"ValueCastIf\": 0.0\n}",
        "{\n    \"AddCardRound\": 6,\n    \"AuraCurseCastIf\": \"\",\n    \"Card\": \"alternatevileneoplasia\",\n    \"OnlyCastIf\": \"Always\",\n    \"PercentToCast\": 0.0,\n    \"Priority\": 4,\n    \"TargetCast\": \"Random\",\n    \"UnitsInDeck\": 1,\n    \"ValueCastIf\": 0.0\n}",        

        "{\n    \"AddCardRound\": 7,\n    \"AuraCurseCastIf\": \"\",\n    \"Card\": \"alternatevilehemlock\",\n    \"OnlyCastIf\": \"Always\",\n    \"PercentToCast\": 0.0,\n    \"Priority\": 1,\n    \"TargetCast\": \"Random\",\n    \"UnitsInDeck\": 1,\n    \"ValueCastIf\": 0.0\n}",
        "{\n    \"AddCardRound\": 7,\n    \"AuraCurseCastIf\": \"\",\n    \"Card\": \"alternatevilebeam\",\n    \"OnlyCastIf\": \"Always\",\n    \"PercentToCast\": 0.0,\n    \"Priority\": 2,\n    \"TargetCast\": \"Random\",\n    \"UnitsInDeck\": 1,\n    \"ValueCastIf\": 0.0\n}",
        "{\n    \"AddCardRound\": 7,\n    \"AuraCurseCastIf\": \"\",\n    \"Card\": \"alternatevileacidrain\",\n    \"OnlyCastIf\": \"Always\",\n    \"PercentToCast\": 0.0,\n    \"Priority\": 3,\n    \"TargetCast\": \"Random\",\n    \"UnitsInDeck\": 1,\n    \"ValueCastIf\": 0.0\n}",
        "{\n    \"AddCardRound\": 7,\n    \"AuraCurseCastIf\": \"\",\n    \"Card\": \"alternatevileneoplasia\",\n    \"OnlyCastIf\": \"Always\",\n    \"PercentToCast\": 0.0,\n    \"Priority\": 4,\n    \"TargetCast\": \"Random\",\n    \"UnitsInDeck\": 1,\n    \"ValueCastIf\": 0.0\n}",        

        "{\n    \"AddCardRound\": 8,\n    \"AuraCurseCastIf\": \"\",\n    \"Card\": \"alternatevilevirulentreaction\",\n    \"OnlyCastIf\": \"Always\",\n    \"PercentToCast\": 0.0,\n    \"Priority\": 1,\n    \"TargetCast\": \"Random\",\n    \"UnitsInDeck\": 1,\n    \"ValueCastIf\": 0.0\n}",
        "{\n    \"AddCardRound\": 8,\n    \"AuraCurseCastIf\": \"\",\n    \"Card\": \"alternatevilemetastacize\",\n    \"OnlyCastIf\": \"Always\",\n    \"PercentToCast\": 0.0,\n    \"Priority\": 2,\n    \"TargetCast\": \"Random\",\n    \"UnitsInDeck\": 1,\n    \"ValueCastIf\": 0.0\n}",
        "{\n    \"AddCardRound\": 8,\n    \"AuraCurseCastIf\": \"\",\n    \"Card\": \"alternatevileflensingruin\",\n    \"OnlyCastIf\": \"Always\",\n    \"PercentToCast\": 0.0,\n    \"Priority\": 3,\n    \"TargetCast\": \"Random\",\n    \"UnitsInDeck\": 1,\n    \"ValueCastIf\": 0.0\n}",
        "{\n    \"AddCardRound\": 8,\n    \"AuraCurseCastIf\": \"\",\n    \"Card\": \"alternatevilebark\",\n    \"OnlyCastIf\": \"Always\",\n    \"PercentToCast\": 0.0,\n    \"Priority\": 4,\n    \"TargetCast\": \"Random\",\n    \"UnitsInDeck\": 1,\n    \"ValueCastIf\": 0.0\n}",        

        "{\n    \"AddCardRound\": 9,\n    \"AuraCurseCastIf\": \"\",\n    \"Card\": \"alternatevilebark\",\n    \"OnlyCastIf\": \"Always\",\n    \"PercentToCast\": 0.0,\n    \"Priority\": 1,\n    \"TargetCast\": \"Random\",\n    \"UnitsInDeck\": 1,\n    \"ValueCastIf\": 0.0\n}",
        "{\n    \"AddCardRound\": 9,\n    \"AuraCurseCastIf\": \"\",\n    \"Card\": \"alternateviletoxicroots\",\n    \"OnlyCastIf\": \"Always\",\n    \"PercentToCast\": 0.0,\n    \"Priority\": 2,\n    \"TargetCast\": \"Random\",\n    \"UnitsInDeck\": 1,\n    \"ValueCastIf\": 0.0\n}",
        "{\n    \"AddCardRound\": 9,\n    \"AuraCurseCastIf\": \"\",\n    \"Card\": \"alternatevilefoulflower\",\n    \"OnlyCastIf\": \"Always\",\n    \"PercentToCast\": 0.0,\n    \"Priority\": 3,\n    \"TargetCast\": \"Random\",\n    \"UnitsInDeck\": 1,\n    \"ValueCastIf\": 0.0\n}",
        "{\n    \"AddCardRound\": 9,\n    \"AuraCurseCastIf\": \"\",\n    \"Card\": \"alternatevileacidrain\",\n    \"OnlyCastIf\": \"Always\",\n    \"PercentToCast\": 0.0,\n    \"Priority\": 4,\n    \"TargetCast\": \"Random\",\n    \"UnitsInDeck\": 1,\n    \"ValueCastIf\": 0.0\n}",        

        "{\n    \"AddCardRound\": 10,\n    \"AuraCurseCastIf\": \"\",\n    \"Card\": \"alternatevilehemophilia\",\n    \"OnlyCastIf\": \"Always\",\n    \"PercentToCast\": 0.0,\n    \"Priority\": 1,\n    \"TargetCast\": \"Random\",\n    \"UnitsInDeck\": 1,\n    \"ValueCastIf\": 0.0\n}",
        "{\n    \"AddCardRound\": 10,\n    \"AuraCurseCastIf\": \"\",\n    \"Card\": \"alternatevilefester\",\n    \"OnlyCastIf\": \"Always\",\n    \"PercentToCast\": 0.0,\n    \"Priority\": 2,\n    \"TargetCast\": \"Random\",\n    \"UnitsInDeck\": 1,\n    \"ValueCastIf\": 0.0\n}",
        "{\n    \"AddCardRound\": 10,\n    \"AuraCurseCastIf\": \"\",\n    \"Card\": \"alternatevileshroomshuriken\",\n    \"OnlyCastIf\": \"Always\",\n    \"PercentToCast\": 0.0,\n    \"Priority\": 3,\n    \"TargetCast\": \"Random\",\n    \"UnitsInDeck\": 1,\n    \"ValueCastIf\": 0.0\n}",
        "{\n    \"AddCardRound\": 10,\n    \"AuraCurseCastIf\": \"\",\n    \"Card\": \"alternatevileneoplasia\",\n    \"OnlyCastIf\": \"Always\",\n    \"PercentToCast\": 0.0,\n    \"Priority\": 4,\n    \"TargetCast\": \"Random\",\n    \"UnitsInDeck\": 1,\n    \"ValueCastIf\": 0.0\n}",        

        "{\n    \"AddCardRound\": 11,\n    \"AuraCurseCastIf\": \"\",\n    \"Card\": \"alternatevilehemlock\",\n    \"OnlyCastIf\": \"Always\",\n    \"PercentToCast\": 0.0,\n    \"Priority\": 1,\n    \"TargetCast\": \"Random\",\n    \"UnitsInDeck\": 1,\n    \"ValueCastIf\": 0.0\n}",
        "{\n    \"AddCardRound\": 11,\n    \"AuraCurseCastIf\": \"\",\n    \"Card\": \"alternatevilebeam\",\n    \"OnlyCastIf\": \"Always\",\n    \"PercentToCast\": 0.0,\n    \"Priority\": 2,\n    \"TargetCast\": \"Random\",\n    \"UnitsInDeck\": 1,\n    \"ValueCastIf\": 0.0\n}",
        "{\n    \"AddCardRound\": 11,\n    \"AuraCurseCastIf\": \"\",\n    \"Card\": \"alternatevileacidrain\",\n    \"OnlyCastIf\": \"Always\",\n    \"PercentToCast\": 0.0,\n    \"Priority\": 3,\n    \"TargetCast\": \"Random\",\n    \"UnitsInDeck\": 1,\n    \"ValueCastIf\": 0.0\n}",
        "{\n    \"AddCardRound\": 11,\n    \"AuraCurseCastIf\": \"\",\n    \"Card\": \"alternatevileneoplasia\",\n    \"OnlyCastIf\": \"Always\",\n    \"PercentToCast\": 0.0,\n    \"Priority\": 4,\n    \"TargetCast\": \"Random\",\n    \"UnitsInDeck\": 1,\n    \"ValueCastIf\": 0.0\n}",        

        "{\n    \"AddCardRound\": 12,\n    \"AuraCurseCastIf\": \"\",\n    \"Card\": \"alternatevilevirulentreaction\",\n    \"OnlyCastIf\": \"Always\",\n    \"PercentToCast\": 0.0,\n    \"Priority\": 1,\n    \"TargetCast\": \"Random\",\n    \"UnitsInDeck\": 1,\n    \"ValueCastIf\": 0.0\n}",
        "{\n    \"AddCardRound\": 12,\n    \"AuraCurseCastIf\": \"\",\n    \"Card\": \"alternatevilemetastacize\",\n    \"OnlyCastIf\": \"Always\",\n    \"PercentToCast\": 0.0,\n    \"Priority\": 2,\n    \"TargetCast\": \"Random\",\n    \"UnitsInDeck\": 1,\n    \"ValueCastIf\": 0.0\n}",
        "{\n    \"AddCardRound\": 12,\n    \"AuraCurseCastIf\": \"\",\n    \"Card\": \"alternatevileflensingruin\",\n    \"OnlyCastIf\": \"Always\",\n    \"PercentToCast\": 0.0,\n    \"Priority\": 3,\n    \"TargetCast\": \"Random\",\n    \"UnitsInDeck\": 1,\n    \"ValueCastIf\": 0.0\n}",
        "{\n    \"AddCardRound\": 12,\n    \"AuraCurseCastIf\": \"\",\n    \"Card\": \"alternatevilebark\",\n    \"OnlyCastIf\": \"Always\",\n    \"PercentToCast\": 0.0,\n    \"Priority\": 4,\n    \"TargetCast\": \"Random\",\n    \"UnitsInDeck\": 1,\n    \"ValueCastIf\": 0.0\n}",        

        "{\n    \"AddCardRound\": 13,\n    \"AuraCurseCastIf\": \"\",\n    \"Card\": \"alternatevilebeam\",\n    \"OnlyCastIf\": \"Always\",\n    \"PercentToCast\": 0.0,\n    \"Priority\": 24,\n    \"TargetCast\": \"Random\",\n    \"UnitsInDeck\": 2,\n    \"ValueCastIf\": 0.0\n}",
        "{\n    \"AddCardRound\": 13,\n    \"AuraCurseCastIf\": \"\",\n    \"Card\": \"alternatevileflensingruin\",\n    \"OnlyCastIf\": \"Always\",\n    \"PercentToCast\": 0.0,\n    \"Priority\": 24,\n    \"TargetCast\": \"Random\",\n    \"UnitsInDeck\": 2,\n    \"ValueCastIf\": 0.0\n}",
        "{\n    \"AddCardRound\": 17,\n    \"AuraCurseCastIf\": \"\",\n    \"Card\": \"alternatevilebeam\",\n    \"OnlyCastIf\": \"Always\",\n    \"PercentToCast\": 0.0,\n    \"Priority\": 24,\n    \"TargetCast\": \"Random\",\n    \"UnitsInDeck\": 2,\n    \"ValueCastIf\": 0.0\n}",
        "{\n    \"AddCardRound\": 17,\n    \"AuraCurseCastIf\": \"\",\n    \"Card\": \"alternatevileflensingruin\",\n    \"OnlyCastIf\": \"Always\",\n    \"PercentToCast\": 0.0,\n    \"Priority\": 24,\n    \"TargetCast\": \"Random\",\n    \"UnitsInDeck\": 2,\n    \"ValueCastIf\": 0.0\n}",
        "{\n    \"AddCardRound\": 14,\n    \"AuraCurseCastIf\": \"\",\n    \"Card\": \"alternatevilebeam\",\n    \"OnlyCastIf\": \"Always\",\n    \"PercentToCast\": 0.0,\n    \"Priority\": 24,\n    \"TargetCast\": \"Random\",\n    \"UnitsInDeck\": 2,\n    \"ValueCastIf\": 0.0\n}",
        "{\n    \"AddCardRound\": 14,\n    \"AuraCurseCastIf\": \"\",\n    \"Card\": \"alternatevileflensingruin\",\n    \"OnlyCastIf\": \"Always\",\n    \"PercentToCast\": 0.0,\n    \"Priority\": 24,\n    \"TargetCast\": \"Random\",\n    \"UnitsInDeck\": 2,\n    \"ValueCastIf\": 0.0\n}",
        "{\n    \"AddCardRound\": 15,\n    \"AuraCurseCastIf\": \"\",\n    \"Card\": \"alternatevilebeam\",\n    \"OnlyCastIf\": \"Always\",\n    \"PercentToCast\": 0.0,\n    \"Priority\": 24,\n    \"TargetCast\": \"Random\",\n    \"UnitsInDeck\": 2,\n    \"ValueCastIf\": 0.0\n}",
        "{\n    \"AddCardRound\": 15,\n    \"AuraCurseCastIf\": \"\",\n    \"Card\": \"alternatevileflensingruin\",\n    \"OnlyCastIf\": \"Always\",\n    \"PercentToCast\": 0.0,\n    \"Priority\": 24,\n    \"TargetCast\": \"Random\",\n    \"UnitsInDeck\": 2,\n    \"ValueCastIf\": 0.0\n}",
        "{\n    \"AddCardRound\": 16,\n    \"AuraCurseCastIf\": \"\",\n    \"Card\": \"alternatevilebeam\",\n    \"OnlyCastIf\": \"Always\",\n    \"PercentToCast\": 0.0,\n    \"Priority\": 24,\n    \"TargetCast\": \"Random\",\n    \"UnitsInDeck\": 2,\n    \"ValueCastIf\": 0.0\n}",
        "{\n    \"AddCardRound\": 16,\n    \"AuraCurseCastIf\": \"\",\n    \"Card\": \"alternatevileflensingruin\",\n    \"OnlyCastIf\": \"Always\",\n    \"PercentToCast\": 0.0,\n    \"Priority\": 24,\n    \"TargetCast\": \"Random\",\n    \"UnitsInDeck\": 2,\n    \"ValueCastIf\": 0.0\n}"

    ],
    "AuraCurseImmune": [
        "paralyze"
    ],
    "BaseMonster": "",
    "BigModel": true,
    "CardsInHand": 4,
    "Description": "",
    "Difficulty": -1,
    "Energy": 10,
    "EnergyTurn": 0,
    "ExperienceReward": 120,
    "Female": false,
    "FinishCombatOnDead": true,
    "FluffOffsetX": -0.5,
    "FluffOffsetY": 3.4000000953674318,
    "GameObjectAnimated": "ylmer",
    "GoldReward": 100,
    "HellModeMob": "ylmervile_plush",
    "HitSound": "",
    "HP": 256,
    "ID": "ylmervile",
    "IsBoss": true,
    "IsNamed": true,
    "NgPlusMob": "ylmervile_plus",
    "NPCName": "Vile Ylmer",
    "PosBottom": 0.0,
    "PreferredPosition": "Back",
    "ResistBlunt": -20,
    "ResistCold": 17,
    "ResistFire": 34,
    "ResistHoly": -10,
    "ResistLightning": 30,
    "ResistMind": 29 ,
    "ResistPiercing": -4,
    "ResistShadow": 37,
    "ResistSlashing": -15,
    "ScriptableObjectName": "ylmervile",
    "Speed": 10,
    "Sprite": "",
    "SpritePortrait": "ylmerPortraitGrandeVile",
    "SpriteSpeed": "ylmerPortraitVile",
    "TierMob": "T0",
    "TierReward": "15",
    "UpgradedMob": "",
    "GameObjectFlip": false,
    "GameObjectMakeBig": false,
    "GameObjectReplaceTexture": "ylmervile"
}